Anomalous,Cluster,Day,Month,h1,h2,h3,h4,h5,h6,h7,h8,h9,h10,h11,h12,h13,h14,h15,h16,h17,h18,h19,h20,h21,h22,h23,h24
1,0,1,1,1,0,0.299890843,0.195044014,0.198812234,0.194608629,0.195873222,0,0.583615184,0.653947166,0.659252614,0.658227683,0.657949626,0.658153973,0.659845219,0.653915704,0.659571343,0.662061246,0.662021517,0.623036198,0.66096315,0.330982539,0.231141759,1
0,1,2,1,0.174002634,0.1817945,0.178889336,0.155451962,0.287481128,0,0,0.573152572,0.543980369,0.551715661,0.564567297,0.5732014,0.570098278,0.568823669,0.796384088,0.84116734,0.996798545,0.957883786,0.99223642,1,1,1,0.938943785,1
0,1,3,1,0.440282061,0.244073008,0.181113294,0.178846156,0.169369831,0.206202387,0,0.543935364,0.555504377,0.572593874,0.594883495,0.653250194,0.569473244,0.576976503,0.756428427,0.982452564,1,1,1,1,1,0.998010555,0.794554766,1
0,2,4,1,0.522002926,0.314627519,0.218219823,0.212211057,0.198227033,0.340507821,0.527276992,0.682056206,0.703583217,0.830986812,0.716250595,0.702274614,0.710184514,0.717068411,0.917096024,0.903571217,1,0.815096439,0.683556853,0.610982479,0,0.252500423,0.206939176,1
0,0,5,1,0.011123882,0.010476928,0.091583062,0.412114195,0.481716537,0.488836781,0.469054249,0.480199707,0.475045932,0.451348828,0.470312201,0.489157337,0.477206275,0.478211228,0.796294034,0.999991612,1,0.987556703,0.744305585,0.464342317,0.317293995,0.139459474,0,1
0,0,6,1,0.180894764,0.179121351,0.259688229,0.523400975,0.71870282,0.71537609,0.56949775,0.573624922,0.575921309,0.575847457,0.576383635,0.578802716,0.574313648,0.585761064,0.826930285,0.999450446,1,1,0.997817339,0.772372593,0.461212208,0,0.226510224,1
0,0,7,1,0.013259266,0.011734068,0.074917175,0.334623396,0.482466397,0.485853299,0.484902056,0.475944882,0.483440983,0.481498633,0.470110447,0.483831827,0.454086663,0.478784777,0.785790667,0.996539761,1,1,0.999842546,0.695628685,0.329589581,0.141355123,0,1
0,0,8,1,0.000431279,0,0.073301772,0.347565055,0.469010094,0.478701872,0.478418198,0.455285623,0.477261892,0.455598588,0.468793811,0.478417831,0.419580862,0.480139384,0.717256618,0.974821273,1,1,1,0.957489889,0.673245635,0.394636735,0.130441027,1
1,1,9,1,0.178772742,0.180862906,0.191886107,0,0,0,0.574962256,0,0,0,0.574962256,0.574962256,0,0.432105175,0.734410144,0.92687571,1,1,1,1,1,1,0.804592542,1
0,1,10,1,0.287481128,0.207179018,0.18143177,0.180103432,0.17143361,0.257393252,0,0.517878119,0.561545217,0.574257064,0.575788027,0.576238391,0.572959655,0.572493036,0.739577835,0.864620087,0.999956795,1,1,1,1,1,0.984115939,1
0,2,11,1,0.943815832,0.314468268,0.197603632,0.195667486,0.182098202,0.314605277,0.511306003,0.731135951,0.831400189,0.943815832,0.809214218,0.786513193,0.786513193,0.881970857,0.943815832,1,0.883012781,0.661099487,0.621661946,0.560248716,0,0.226826082,0.195732068,1
0,0,12,1,0.181233437,0.181228927,0.274471484,0.647636353,0.713988252,0.71870282,0.71870282,0.594394332,0.575099832,0.582850337,0.684894763,0.693788333,0.570798365,0.632251067,0.877666971,1,1,1,1,0.786571966,0.567841305,0,0.23786702,1
0,0,13,1,0.180991582,0.180097745,0.248268178,0.464878391,0.570180656,0.571007717,0.571129217,0.57607941,0.576776027,0.576353205,0.575027756,0.571207482,0.524995897,0.544571663,0.798026549,0.995908916,1,1,0.999836523,0.794739307,0.482264463,0,0.230620271,1
0,0,14,1,0.176611595,0.175840388,0.255555306,0.501617838,0.684498335,0.71870282,0.557936784,0.574637361,0.576219733,0.576023007,0.57763468,0.576385328,0.56050419,0.540553078,0.828444998,0.998992697,1,1,1,0.756494728,0.478808408,0,0.287481128,1
0,0,15,1,0.180409664,0.179439722,0.241239421,0.443333103,0.578416217,0.574261696,0.572237678,0.558010282,0.574962256,0.570254771,0.571562611,0.532659117,0.574962256,0.498004455,0.74288341,0.920145513,1,1,1,0.999917255,0.75974721,0.51033039,0,1
1,1,16,1,0.180204689,0.181017007,0.188776074,0,0.574962256,0.574953546,0.574962256,0,0,0,0.574962256,0,0,0.431221692,0.680776442,0.795917752,0.997774863,1,1,1,1,0.994096745,0.733279034,1
0,1,17,1,0.412309182,0.214971022,0.181339247,0.180460386,0.197978651,0,0.574962256,0.542645021,0.569397208,0.577296024,0.576508933,0.575199432,0.576347821,0.574116262,0.741715681,0.888632126,0.999973698,0.999789787,1,1,1,1,1,1
0,2,18,1,0.862443384,0.285559786,0.179535861,0.178129729,0.169022673,0.287481128,0.472354868,0.745838095,0.770517635,0.996325886,1,0.996024097,0.758523565,0.725456437,0.765232082,0.797951515,0.804925831,0.79046366,0.775581013,0.73996096,0.564586079,0.524270875,0,1
1,0,19,1,0.172869682,0.18427293,0.180068396,0.200361018,0,0.484419233,0.561061611,0.564391264,0.762926992,0.813266984,0.818590485,0.84473188,0.797154793,0.774383505,0.989191438,1,0.999978256,0.978981976,0.793741515,0.568364016,0.448341164,0.287481128,0.174829967,1
0,0,20,1,0.180542792,0.17866358,0.257729143,0.531775781,0.742995355,0.748430789,0.561093233,0.573308954,0.57796586,0.576418013,0.574881928,0.576345271,0.572535327,0.594248918,0.862601996,0.999880128,0.999880128,0.999880128,1,0.79032074,0.490113066,0,0.279499067,1
0,0,21,1,0.180543094,0.179445372,0.246937358,0.497995297,0.58826974,0.71870282,0.565107125,0.57255215,0.572010685,0.574242344,0.577444066,0.575746133,0.553693554,0.562102499,0.785459831,0.998153547,1,1,1,0.851586483,0.495967527,0,0.245163934,1
0,0,22,1,0.181133349,0.180976651,0.221740888,0.431409969,0.575938656,0.574651902,0.569877049,0.535433375,0.568735801,0.574962256,0.574962256,0.530155038,0.574962256,0.489004381,0.751542316,0.933153783,1,1,1,0.999902183,0.789522561,0.527413825,0,1
0,1,23,1,0.178055145,0.18107791,0.183028557,0,0.574704104,0.574930186,0.564154317,0.574930186,0.574930186,0.574930186,0.574930186,0.574930186,0,0.453687133,0.69176651,0.848661676,0.998085788,0.999944223,0.999944223,0.999944223,0.999944223,1,0.756681804,1
0,1,24,1,0.287481128,0.21636753,0.181422677,0.180357027,0.168844871,0.257190839,0,0.433769704,0.568577879,0.559372981,0.554705364,0.557571408,0.568215289,0.568730562,0.578150946,0.782069479,0.862443384,0.862443384,0.925415264,0.99999634,1,1,0.995854143,1
0,2,25,1,1,0.333333333,0.207106774,0.204879409,0.195451602,0.329588456,0.553813525,0.652547027,0.79056643,0.833333333,0.833333333,0.668500195,0.664146282,0.828132071,0.994696251,0.883452025,0.841719494,0.717307496,0.65895834,0.635145658,0,0.243362546,0.206276241,1
1,0,26,1,0.158485507,0.172347568,0.431221692,0.751018559,0.975739634,1,0.971111994,0.862443384,0.860541508,0.862443384,0.757730227,0.54657014,0.498132567,0.574403195,0.574962256,0.574962256,0,0,0.227760798,0.184875226,0.181359607,0.181357212,0.181356337,1
1,0,27,1,0.181356337,0.181356337,0.181354517,0.181347182,0.181190535,0.177700758,0.162630259,0,0,0,0.568469803,0.574962256,0.545302644,0.734069348,0.862443384,1,1,1,1,0.80864292,0.526112077,0,0.287481128,1
0,0,28,1,0.181335198,0.180668635,0.2536321,0.487112137,0.573416539,0.563520477,0.560919104,0.547067011,0.572263206,0.555750434,0.563714693,0.572731045,0.571959942,0.561465749,0.782432894,0.978202652,1,1,1,0.807432928,0.489532231,0,0.231627463,1
0,0,29,1,0.180859585,0.179774978,0.24413346,0.467883098,0.568324353,0.571828062,0.575073492,0.567901517,0.563492302,0.573864406,0.575645605,0.575395151,0.564295856,0.553199022,0.781733854,0.973502396,1,1,1,1,0.790573102,0.473689894,0,1
0,1,30,1,0.175737027,0.180341958,0.180967191,0,0.574962256,0.574962256,0.574962256,0.574962256,0.574962256,0.574962256,0.574962256,0,0,0.431221692,0.606160264,0.843821771,0.999681987,1,1,1,1,1,0.874289046,1
0,1,31,1,0.432094322,0.226934577,0.181094449,0.178076212,0.164328528,0,0.508931204,0.55199938,0.572063174,0.575124446,0.574139464,0.5751274,0.575639584,0.576342171,0.783275317,0.994379314,1,1,1,1,1,1,1,1
1,2,1,2,0.308692129,0.118234527,0.005709172,0.00364193,0,0.117843459,0.339081767,0.47139704,0.491734833,0.482801439,0.482188691,0.485358539,0.503017532,0.824793569,1,0.632333651,0.459683871,0.430096984,0.819327072,0.746677615,0.308692129,0.133736677,0.005165919,1
0,0,2,2,0.006736051,0,0.032134336,0.312375682,0.472163057,0.469657081,0.660440612,0.658228964,0.498593206,0.486972052,0.485904065,0.480662892,0.48486787,0.512567388,0.834303693,1,1,1,0.999955162,0.633048572,0.342869348,0.137217619,0.018428706,1
0,0,3,2,0.001749178,0,0.07607225,0.403247684,0.451889877,0.48096789,0.483465739,0.48491545,0.482837148,0.481129427,0.48114913,0.480880326,0.408448997,0.463184154,0.761906683,0.983759761,1,1,1,0.74171614,0.338656344,0.131018252,0.007547654,1
0,0,4,2,0.181256191,0.181173891,0.238513922,0.471271786,0.568287328,0.574897471,0.572684973,0.570025281,0.568498779,0.573802313,0.56932831,0.571913052,0.50299744,0.481191532,0.708639367,0.791610885,0.9996175,1,1,0.866077418,0.481822002,0,0.224178164,1
0,0,5,2,0.181246199,0.180214128,0.226727356,0.466060133,0.558539023,0.57248968,0.542271376,0.574435802,0.535310759,0.566931194,0.574962256,0.574962256,0.574962256,0.490965426,0.775890959,0.862443384,0.999848329,1,1,0.998159992,0.736165525,0.475525629,0,1
0,1,6,2,0.181316395,0.180774591,0.185313245,0,0.574962256,0.574962256,0.574962256,0.574962256,0.574962256,0.563660756,0.57245593,0.574962256,0,0.431221692,0.661176134,0.854418664,0.996550996,1,1,1,1,1,0.839703419,1
0,1,7,2,0.465080434,0.226639145,0.180682136,0.177559297,0.176816055,0,0.569240131,0.529099816,0.577024077,0.574697589,0.575856969,0.574956586,0.574156751,0.57609806,0.788551766,0.862443384,0.997743017,0.997746073,0.999867592,1,1,1,1,1
0,2,8,2,0.799420768,0.142664886,0.01044646,0,0.055774489,0.31562007,0.601157045,0.718926039,0.955479323,1,1,1,0.997288448,0.996247213,1,1,0.981135752,0.82579571,0.65389763,0.478142874,0.327539061,0.120825327,0.009532284,1
0,0,9,2,0.001960448,0,0.100641452,0.398682597,0.490448666,0.657124926,0.486534039,0.479828515,0.484569919,0.482761794,0.482739692,0.484769185,0.482866238,0.504528584,0.843855129,1,1,1,0.991079373,0.501838961,0.332681736,0.131505832,0.000588885,1
0,0,10,2,0.001538435,0,0.092645225,0.382163556,0.470030688,0.487703634,0.47086836,0.483660638,0.479849461,0.479587754,0.479485047,0.475483207,0.47211573,0.450757697,0.775123949,0.994625475,1,1,1,0.746282288,0.333613388,0.131221028,0.017007376,1
0,0,11,2,0.181176346,0.180339386,0.244400815,0.463805282,0.566485211,0.570799797,0.563450038,0.569532897,0.573672977,0.57153975,0.570313506,0.564756225,0.519410756,0.515490607,0.79137883,0.957080676,1,1,1,0.949376528,0.471930547,0,0.259814879,1
0,0,12,2,0.000859475,0,0.055599329,0.320578558,0.475890514,0.483922596,0.461800581,0.449919928,0.447340747,0.466929981,0.478542444,0.446336397,0.481497647,0.361100079,0.738048939,0.832195069,0.997684945,1,1,1,0.922060512,0.407623725,0.357868849,1
0,1,13,2,0.190022925,0.180455702,0.205365023,0,0.567039586,0.574040817,0.574962256,0.574962256,0.573040822,0.570230922,0.574962256,0.574962256,0,0.431221692,0.574742395,0.773387325,0.863899436,0.9999924,1,1,1,1,0.849957618,1
0,1,14,2,0.455077786,0.2521111,0.181101698,0.178253459,0.160311611,0,0.525136952,0.543457327,0.573093342,0.592499882,0.581593793,0.573834745,0.575063545,0.575483476,0.717699035,0.862443384,1,1,1,1,1,1,0.985562522,1
0,2,15,2,0.4773277,0.284750303,0.183523905,0.180430489,0.171029627,0.281612953,0.431221692,0.722136005,0.859009094,0.936191235,0.862443384,0.862443384,0.862443384,0.862443384,0.975056345,1,1,1,0.999968346,0.999255496,0.783265764,0.502166746,0,1
1,0,16,2,0.165800655,0.182777052,0.175446081,0.19253308,0,0.55156096,0.565628723,0.573038709,0.706397657,0.71870282,0.71870282,0.71870282,0.668364374,0.722959302,0.885421006,1,1,0.956821481,0.82747835,0.593696173,0.492415861,0.287481128,0.194778943,1
0,0,17,2,0.181084979,0.180890573,0.173631128,0,0.484771804,0.551399687,0.574210898,0.573416248,0.572905813,0.568977962,0.573782758,0.572287778,0.534634908,0.56583111,0.786805858,0.996013185,1,1,1,0.800037578,0.5134772,0,0.20027607,1
0,0,18,2,0.002211035,0,0.069387368,0.346903961,0.478494313,0.48254511,0.479381569,0.477871911,0.478678879,0.474441071,0.473982517,0.475567318,0.410310978,0.428031826,0.721804431,0.889246676,1,1,1,0.955892742,0.437608656,0.306877646,0.112110873,1
0,0,19,2,0.179313154,0.180719727,0.221914332,0.431215767,0.558638661,0.577320867,0.5617929,0.562920003,0.561849419,0.561716287,0.57109809,0.522924986,0.574954356,0.499825503,0.730294608,0.861860281,0.999467101,0.99998626,0.99998626,1,0.784615561,0.439874623,0,1
1,1,20,2,0,0.005912625,0.042843139,0.309737089,0.484179009,0.482418201,0.432023048,0.451719939,0.484179009,0.484179009,0.484179009,0.484179009,0.484179009,0.354943943,0.684040655,0.833062849,0.99999161,1,1,1,1,0.9997651,0.749113777,1
1,1,21,2,0.312528768,0.065141585,0.0028163,0,0.044454079,0.308885824,0.43835693,0.486266391,0.65808958,0.741164078,0.715216011,0.482596882,0.4675453,0.483125423,0.739149755,0.996019386,0.999781686,0.999781686,0.999781686,0.999781686,0.999781686,0.999781686,1,1
1,2,22,2,0.311416492,0.113551992,0.004529138,0,0.031829115,0.311416492,0.48854148,0.700109758,0.832966407,0.837756279,0.794838599,0.659451501,0.608874923,0.758683361,0.910014374,1,0.68575981,0.477722223,0.475831838,0.398838419,0.485433997,0.137398988,0.014532226,1
0,0,23,2,0.005326271,0.003014721,0.089021288,0.348491669,0.460264872,0.481188865,0.484375287,0.478008845,0.480529728,0.485278793,0.486809535,0.485642158,0.486949861,0.482536641,0.822188613,0.999903115,0.999903115,0.999903115,1,0.62734919,0.357039205,0.134713904,0,1
0,0,24,2,0.00105162,0,0.083931272,0.391314265,0.457236495,0.471376306,0.482321715,0.481536627,0.482349588,0.479034767,0.48299444,0.481127769,0.477481438,0.478482056,0.762226366,0.993326792,1,1,1,0.791440193,0.33296439,0.130487061,0.003335691,1
0,0,25,2,0.180570711,0.179935605,0.252580055,0.508018036,0.567424671,0.57587011,0.576991235,0.574343885,0.574052916,0.571447034,0.571748401,0.570606388,0.504484964,0.496644901,0.772682919,0.916696269,1,1,1,0.973529527,0.479648559,0,0.259583753,1
0,0,26,2,0.177144155,0.179484239,0.24544401,0.45544227,0.569192552,0.568120724,0.571335901,0.570263638,0.567653072,0.571464302,0.573643208,0.546096061,0.574962256,0.485013739,0.749542394,0.912715073,1,1,1,1,0.786099919,0.46786551,0,1
0,1,27,2,0.17017631,0.181380589,0.193496731,0,0.554022898,0.574962256,0.566968174,0.574962256,0.574962256,0.574962256,0.574962256,0.574962256,0,0.432648141,0.722272242,0.868347971,1,1,1,1,1,1,0.979555636,1
0,1,28,2,0.443291963,0.228373502,0.180451178,0.17888117,0.171248937,0,0.573622548,0.498812033,0.57539015,0.577115294,0.577313278,0.574759094,0.571361229,0.571015079,0.716702756,0.908242895,0.999980656,1,1,1,1,1,0.999660017,1
1,2,1,3,0.90383261,0.301221696,0.177671741,0.173640617,0.183918706,0.451832544,0.565359152,0.618338106,0.810263354,1,0.870749525,0.606665637,0.569383081,0.591440646,0.603330552,0.702120366,0.587395985,0.603110657,0.572722859,0.602443391,0,0.189013227,0.187973596,1
0,0,2,3,0.003906203,0,0.086988397,0.358540917,0.472406138,0.485932007,0.480974813,0.487774238,0.478256664,0.484961796,0.485313057,0.481537494,0.481390595,0.482785227,0.792625749,1,1,1,0.998979125,0.748022304,0.34034622,0.133281814,0.0029838,1
0,0,3,3,0.181223301,0.180979218,0.251789988,0.485422958,0.571430515,0.578408896,0.572322963,0.576038899,0.5764272,0.57780374,0.576714793,0.575020361,0.548013127,0.544619076,0.606449783,0.830386311,0.99951354,1,1,0.796067117,0.432682746,0,0.201996593,1
0,0,4,3,0.18116294,0.180435446,0.249367952,0.475628179,0.571436381,0.57432344,0.576498608,0.56821451,0.566531054,0.562369551,0.559250267,0.529639924,0.574962256,0.49353103,0.715313677,0.872210344,1,1,1,0.932973305,0.503495505,0,0.223440036,1
0,0,5,3,0.18061318,0.179828253,0.249571504,0.491407324,0.56801954,0.572519398,0.575538928,0.533644617,0.574505734,0.574962256,0.573120731,0.56605104,0.565858222,0.476612854,0.733713485,0.863201879,0.999067246,1,1,0.999468245,0.79817372,0.483415324,0,1
1,1,6,3,0.180422908,0.181030765,0.175867757,0,0,0,0.574962256,0.574962256,0.574962256,0,0,0,0,0,0.501142727,0.788189663,0.991607267,1,1,1,1,1,0.995397808,1
0,1,7,3,0.441596729,0.2746857,0.160866815,0.15728268,0.211598197,0,0.484703895,0.570232939,0.577364209,0.575047976,0.57460615,0.57665562,0.574966425,0.57609844,0.777458754,0.875428979,0.999975219,1,1,1,1,1,0.299537546,1
1,2,8,3,1,0.349429086,0.251698892,0.213447501,0.207903407,0.213345753,0,0.597699565,0.697488555,0.696542391,0.697348007,0.671328181,0.695928816,0.669446961,0.697355435,0.703292168,0.693683185,0.698115117,0.677808768,0.666622786,0,0.244526751,0.220073948,1
0,0,9,3,0.178329426,0.174958767,0.269537942,0.546264167,0.638859628,0.718743944,0.597614125,0.567735674,0.569504944,0.573553301,0.575771315,0.571976472,0.573022119,0.600562148,0.86244592,1,1,1,0.999999337,0.822112808,0.439961598,0,0.22335132,1
0,0,10,3,0.181543603,0.180582797,0.234759732,0.457104761,0.573534413,0.578233469,0.573431192,0.566678446,0.566259612,0.566456448,0.567403785,0.565303287,0.533459184,0.557426193,0.828151099,0.96111861,1,1,1,0.800679085,0.50900732,0,0.210860058,1
0,0,11,3,0.177418436,0.176461311,0.236185904,0.47088973,0.57221787,0.573694893,0.574725734,0.575083125,0.574244689,0.571842508,0.571612761,0.571773367,0.513822075,0.507247108,0.751031949,0.903428091,1,1,1,0.998981417,0.746840116,0.437678302,0,1
0,0,12,3,0.000998416,0,0.037221756,0.325738949,0.462160234,0.480599576,0.478349443,0.47214261,0.475681976,0.474745654,0.460250958,0.454272084,0.481750777,0.333530123,0.629488286,0.823060404,0.999996425,1,1,1,0.87615604,0.51718005,0.333265649,1
0,1,13,3,0.176436565,0.18115042,0.183829086,0,0.530739099,0.566089463,0.574962256,0.573745781,0.574962256,0.574962256,0.574962256,0.574962256,0,0.431221692,0.693704925,0.867053106,1,1,1,1,1,1,0.993334533,1
0,1,14,3,0.448288991,0.237086489,0.181506054,0.179411504,0.19041743,0,0.498865837,0.56146692,0.57592549,0.571737041,0.57327257,0.577609152,0.575813169,0.574232878,0.78077762,0.901848199,1,1,1,1,1,1,0.989046697,1
1,2,15,3,0.910288136,0.147088519,0,0.002785026,0.015969337,0.319236707,0.53911582,0.73748219,0.972242187,1,1,0.976457751,0.835360291,0.894755207,0.999852874,1,1,0.996126918,0.70162929,0.473469117,0.491277902,0.146378553,0.019281001,1
0,0,16,3,0.001699583,0,0.098222072,0.446442084,0.588935399,0.780185669,0.65665487,0.474302894,0.475366365,0.468839592,0.471029739,0.477772883,0.481119235,0.476344957,0.794713531,1,1,1,0.997820614,0.735624649,0.353503096,0.131859941,0.018456359,1
0,0,17,3,0.180652877,0.17961119,0.215513415,0.431221692,0.560331047,0.574086536,0.507162106,0.574962256,0.574962256,0.571643161,0.574962256,0.574962256,0.574962256,0.500492407,0.717676889,0.880719093,1,1,1,0.996997228,0.666589563,0.431221692,0,1
0,0,18,3,0.171057846,0.178883072,0.228245426,0.447469997,0.569277073,0.571385257,0.572321673,0.572864512,0.568588385,0.563735202,0.568212891,0.567523693,0.561875185,0.497240166,0.776711678,0.930952409,1,1,1,0.86532808,0.522349324,0,0.20695633,1
0,0,19,3,0.181131287,0.180363078,0.224169596,0.431206068,0.555274081,0.576059993,0.557568558,0.574941424,0.57432723,0.574941424,0.573179251,0.561471612,0,0.433543492,0.607524973,0.78143864,0.99819385,0.999963768,0.999963768,1,0.789001599,0.436901381,0,1
0,1,20,3,0.175709622,0.18005186,0.192687019,0,0.547112567,0.561914985,0.54905711,0.567502709,0.560693957,0.574962256,0.569204189,0.553162697,0.531786322,0.506397993,0.78596638,0.997656591,1,1,1,1,1,0.99916862,0.803219243,1
0,1,21,3,0.287481128,0.207934248,0.180751723,0.179091079,0.16941553,0.144659663,0,0.552609479,0.549163713,0.57285007,0.573938203,0.572217122,0.549257939,0.558998222,0.696114072,0.801446231,0.998196416,1,1,1,1,1,0.999963661,1
0,2,22,3,0.897148003,0.297119489,0.187514736,0.184370897,0.172596512,0.29742407,0.486717683,0.620414741,0.740288267,0.743560176,0.736308493,0.660980803,0.604106406,0.737002855,0.790525607,0.892272211,1,0.760553592,0.804584317,0.502324975,0,0.248086463,0.184180795,1
0,0,23,3,0.003183073,0,0.098580138,0.436002271,0.518943793,0.657678854,0.452074479,0.48168248,0.481772495,0.481350198,0.480048709,0.480884464,0.479440254,0.464645218,0.768173356,0.99367303,1,1,0.998703847,0.647882093,0.354303433,0.132908917,0.005611029,1
0,0,24,3,0.181011468,0.179826966,0.244039457,0.482960027,0.5872163,0.649781855,0.558758742,0.574726645,0.574722816,0.573184135,0.574254374,0.574318384,0.539050914,0.554640947,0.744024349,0.96965641,1,1,1,0.806809471,0.508203564,0,0.265187962,1
0,0,25,3,0.181384898,0.1802306,0.235524959,0.446671769,0.576192211,0.574962525,0.57197929,0.549172684,0.566882273,0.562589391,0.571407887,0.576081889,0.495826036,0.515585089,0.732573026,0.862443384,1,1,1,0.86104335,0.480793766,0,0.215664989,1
0,0,26,3,0.000823809,0,0.05545929,0.30600004,0.480688062,0.481082008,0.480051186,0.475410678,0.47416415,0.470704075,0.469633939,0.3968337,0.48138638,0.30600004,0.47635731,0.683899408,0.832159059,0.997347323,1,0.999981259,0.736667582,0.40742926,0.30600004,1
0,1,27,3,0.174385736,0.18057077,0.173718527,0,0.545173241,0.570117383,0.574825384,0.574962256,0.574962256,0.574962256,0.574962256,0.574962256,0,0.431506405,0.669138429,0.788910555,0.990685769,1,1,1,1,1,0.99980633,1
0,1,28,3,0.431221692,0.263226161,0.181085151,0.178361432,0.168772552,0,0.574962256,0.50425179,0.573662637,0.575125117,0.576250987,0.57456606,0.568370844,0.561278696,0.749243074,0.870266005,1,1,1,1,1,1,0.974697174,1
0,2,29,3,1,0.333104386,0.210861419,0.20456258,0.188696729,0.33011607,0.531209978,0.653056813,0.668666819,0.67510145,0.662102875,0.662822245,0.666416297,0.666766336,0.807470126,0.837270321,0.858943703,0.789956979,0.657444794,0.565933628,0,0.250629342,0.208622299,1
0,0,30,3,0.181076381,0.178892859,0.258379292,0.574821808,0.75447619,0.823240919,0.71942939,0.56226036,0.575276151,0.575336486,0.571320997,0.570518028,0.574373977,0.603973319,0.860116561,0.99995623,1,1,0.999994194,0.789250643,0.506639354,0,0.221958564,1
0,0,31,3,0.180604874,0.179409948,0.238444743,0.49174863,0.56705042,0.577120284,0.573088624,0.558282905,0.556687428,0.570305543,0.572132016,0.555963002,0.495686518,0.490423287,0.718208952,0.862443384,0.999712158,1,0.996204678,0.803727596,0.480077985,0,0.234830319,1
0,0,1,4,0.001841255,0,0.085513904,0.367845295,0.4756175,0.483501303,0.478132966,0.480883454,0.479600043,0.480458434,0.481773884,0.47735888,0.450374606,0.403568994,0.722027555,0.950909359,1,1,1,0.995413691,0.634035388,0.315349679,0.132319334,1
0,0,2,4,0.00024603,0,0.068456758,0.340581904,0.47930922,0.479940829,0.4808226,0.47156588,0.472451445,0.479069955,0.474562834,0.439932475,0.481909742,0.368757266,0.742597329,0.931383137,1,1,1,1,1,0.77126286,0.420326073,1
1,1,3,4,0.03807044,0.004385947,0,0.070802608,0.347060958,0.454653551,0.474295127,0.466098746,0.473725042,0.479192035,0.480084383,0.46893446,0.469231738,0.381735087,0.735349995,0.783117433,0.832158352,0.8327217,0.997517304,1,1,0.999646944,0.692361742,1
1,1,4,4,0.470033529,0.254406786,0.180679619,0.174929118,0.162475733,0.249039177,0,0.495191716,0.560362177,0.572835522,0.573779683,0.575122512,0.568802973,0.564793434,0.682669639,0.791972649,0.862565271,0.862565764,0.862565764,0.987762464,1,0.758888857,0.770723478,1
0,2,5,4,0.833363073,0.137011601,0.00883557,0,0.055972636,0.311099469,0.664994941,0.833363073,0.952833561,0.999730734,0.998492764,0.941695246,0.797225373,0.833363073,0.994330822,0.999961404,0.999961404,1,0.995686126,0.678366293,0.354172963,0.137011601,0.005268839,1
0,0,6,4,0.18133826,0.180411153,0.239416929,0.471235842,0.563482167,0.568945466,0.570591816,0.565824683,0.563244692,0.569095688,0.570539685,0.57347573,0.564780625,0.557477645,0.774663727,0.862475967,0.996586002,1,0.898095204,0.799386132,0.481338185,0,0.217920521,1
0,0,7,4,0.181349581,0.180420572,0.219600943,0,0.542794318,0.576924368,0.547839418,0.567222768,0.552411298,0.568553241,0.564728987,0.559625785,0.562233104,0.493220371,0.787097456,0.897222598,1,0.996860789,0.925642705,0.752669919,0.473866818,0.287481128,0.181830516,1
0,0,8,4,0.000566061,0,0.066626529,0.334571955,0.470162157,0.479107661,0.474294242,0.477922879,0.481544906,0.482577544,0.482479459,0.479581965,0.441622134,0.452151416,0.739659685,0.992575635,1,1,1,0.99845127,0.728180455,0.306110973,0.130752668,1
0,0,9,4,0.180945769,0.180422865,0.228300254,0.464348731,0.564198776,0.575163723,0.574549288,0.567782296,0.557605261,0.567631097,0.570537822,0.553341676,0.573874008,0.507136703,0.782599,0.94548391,1,1,1,1,0.810506252,0.478914578,0,1
0,1,10,4,0.180673571,0.181243323,0.190786242,0,0.489441758,0.57135138,0.549373022,0.574962256,0.574962256,0.574962256,0.574962256,0.574962256,0.574962256,0.447132639,0.625695393,0.776322699,0.987076951,1,1,1,1,1,0.996989398,1
0,1,11,4,0.431221692,0.245994542,0.180153512,0.178395955,0.167652468,0,0.539358705,0.569905043,0.56776163,0.574733064,0.572537126,0.566274755,0.547034925,0.546962836,0.801492726,0.862443384,0.999793848,1,1,1,1,1,1,1
0,2,12,4,0.888794016,0.289471591,0.182422546,0.179382956,0.166621803,0.290029991,0.489929098,0.617826136,0.768304417,0.799025661,0.741064833,0.697912795,0.577487687,0.778530491,0.833839331,0.942069563,1,0.83441958,0.770638728,0.487824371,0,0.27145279,0.182784371,1
0,0,13,4,0.002013872,0,0.102614702,0.484724401,0.657175337,0.740016978,0.469978292,0.480230463,0.483755687,0.480436052,0.480280336,0.477997547,0.48174877,0.540546257,0.829665078,0.999898814,1,1,0.999947327,0.714599712,0.38911998,0.131633521,0.024709433,1
0,0,14,4,0.000824645,0,0.092682868,0.491887468,0.67784993,0.656978004,0.453854781,0.480785052,0.482600293,0.480718286,0.482554731,0.481583415,0.469080607,0.503465522,0.830977068,0.99907171,1,1,1,0.772173667,0.430382954,0.481696562,0.13113368,1
0,0,15,4,0.001380727,0,0.083091559,0.347287317,0.473765695,0.482455771,0.48168182,0.473419064,0.472578811,0.470816018,0.475812277,0.478177573,0.453527469,0.381936931,0.664732987,0.83237816,0.993915298,1,1,0.908903761,0.670462747,0.306905992,0.131748602,1
0,0,16,4,0.179787861,0.179026244,0.226962566,0.442651728,0.562796265,0.57414996,0.500712626,0.574962256,0.573176324,0.574962256,0.574962256,0.574952451,0,0.465130931,0.620955282,0.804592083,0.999637033,1,1,1,0.790976832,0.49470118,0,1
0,1,17,4,0.176572083,0.180400168,0.206300378,0,0.536871041,0.569339436,0.564285666,0.573787016,0.573705901,0.574962256,0.574962256,0.574962256,0,0.435979277,0.653717915,0.862443384,0.99915792,1,1,1,1,1,0.925115319,1
0,1,18,4,0.443276488,0.240019359,0.180647689,0.177260637,0.192940489,0,0.497400324,0.567795865,0.575985266,0.577692327,0.573123744,0.571498031,0.571480571,0.565571768,0.784397459,0.968651311,1,1,1,1,1,1,0.999556393,1
0,2,19,4,0.834405298,0.14223766,0.010070713,0,0.041128016,0.315287939,0.47281662,0.673887403,0.834405298,0.993653161,0.797848261,0.742379213,0.703728633,0.781566623,0.996539689,1,1,0.999706705,0.79448566,0.492354665,0.315961571,0.129238118,0.012671753,1
0,0,20,4,0.001412559,0,0.138101529,0.569877741,0.657106931,0.657106931,0.657106931,0.589935715,0.474814317,0.475680666,0.480361411,0.474527242,0.48039074,0.492951455,0.812339893,1,1,1,0.995222617,0.738624044,0.385152853,0.131460251,0.02477007,1
0,0,21,4,0.001625603,0,0.101657006,0.411069505,0.530946793,0.654514192,0.462955486,0.47674188,0.479572598,0.482693377,0.485373745,0.481649251,0.388657993,0.425775729,0.740328961,0.977979988,1,1,1,0.966925132,0.406172162,0.307180575,0.132092578,1
0,0,22,4,0.000173618,0,0.079633929,0.348959403,0.474813145,0.478217586,0.481661017,0.475886468,0.473407636,0.479311202,0.480919571,0.482198724,0.401238841,0.451447364,0.707375926,0.961898694,1,1,1,0.999488592,0.629606958,0.396794334,0.130946427,1
0,0,23,4,0.000995143,0,0.070249101,0.371303854,0.466278274,0.482130232,0.478456324,0.479934911,0.474694236,0.479403213,0.441887887,0.481734191,0.481734191,0.348947486,0.696840359,0.870695761,1,1,1,1,0.851602699,0.433214679,0.306821363,1
0,1,24,4,0.174593209,0.180567818,0.193312995,0,0.574962256,0.574962256,0.574962256,0.574962256,0.573518483,0.574962256,0.574962256,0,0,0.431221692,0.588894837,0.756338233,0.903567605,1,1,1,1,0.97440672,0.766903775,1
0,1,25,4,0.434739657,0.230941744,0.180843733,0.176836488,0.229683345,0,0.47969079,0.574041068,0.574727589,0.573679493,0.575236734,0.57387399,0.559838752,0.554392345,0.762868525,0.958412582,1,1,1,1,1,1,1,1
0,2,26,4,0.892017207,0.144521667,0.008345336,0,0.002533578,0.317422047,0.481009403,0.620899918,0.743986815,0.926845474,0.804595102,0.708375319,0.663222807,0.787141619,0.873852693,1,0.999835588,0.977058573,0.76091569,0.460782575,0.318608248,0.12938055,0.012340074,1
0,0,27,4,0.180313253,0.177145531,0.266708482,0.562858088,0.739661742,0.7701857,0.658473139,0.573756197,0.577287041,0.575862254,0.573458141,0.572684248,0.575653591,0.613430977,0.859543269,0.999992959,1,1,1,0.806556657,0.508016074,0,0.221021124,1
0,0,28,4,0.181057593,0.180277478,0.25161024,0.477293771,0.589947918,0.581570076,0.563982993,0.572855399,0.576274983,0.576097166,0.577563748,0.575941534,0.54890743,0.553988725,0.785061682,0.974712078,1,1,1,0.90890177,0.525416053,0,0.287308251,1
0,0,29,4,0.000527737,0,0.073447648,0.357003166,0.468352756,0.480841292,0.476288284,0.467979688,0.474566942,0.471693377,0.470036036,0.41529675,0.481538112,0.407851112,0.674548592,0.807674497,0.99874707,1,1,0.997303505,0.760104928,0.306203085,0.128776387,1
0,0,30,4,0.000360411,0,0.084786881,0.33969131,0.475612206,0.48498892,0.472426645,0.463879599,0.471587599,0.478061967,0.455851722,0.401111129,0.482546922,0.339367916,0.623003714,0.83253465,0.999796147,1,1,1,0.808069291,0.373226663,0.482546922,1
0,1,1,5,0.170707725,0.179302338,0.201542829,0.431221692,0.545469426,0.567514171,0.561008815,0.574962256,0.571780615,0.574962256,0.574394516,0.574962256,0,0.431221692,0.661132275,0.863120778,1,1,1,1,1,1,0.997580814,1
0,1,2,5,0.546729729,0.228665674,0.180106503,0.174231198,0.172591479,0,0.574642771,0.524744976,0.571724079,0.575626726,0.575466394,0.576082664,0.575453807,0.572643523,0.752838789,0.925649843,1,1,1,0.999702532,0.747625627,0.895766201,0.77085923,1
0,2,3,5,0.862553913,0.28732541,0.185616603,0.175996802,0.148653266,0,0.525573358,0.585294076,0.823764521,0.862553913,0.74298611,0.739172669,0.721489097,0.765368862,0.913291316,0.999821367,1,0.982772502,0.79534592,0.539849111,0.444352404,0.243767013,0.183654012,1
0,0,4,5,0.180384479,0.178088662,0.264421743,0.562236929,0.610278406,0.682078134,0.569873163,0.576213242,0.574936531,0.57357638,0.574918272,0.569121069,0.560824568,0.608044501,0.867488628,1,1,1,1,0.743900823,0.577804925,0,0.252731514,1
0,0,5,5,0.000791929,0,0.067020445,0.329947905,0.474140537,0.479413982,0.478462425,0.444224808,0.462560106,0.473660431,0.468442841,0.467140322,0.453132946,0.442494708,0.737171075,0.989942585,1,1,1,1,0.780285249,0.306004046,0.130618718,1
0,0,6,5,0,0.004313509,0.098149021,0.4578619,0.532684231,0.582660788,0.477219868,0.479911542,0.48525988,0.484525543,0.484552537,0.48334748,0.416023388,0.395835901,0.724243801,0.943467858,1,1,1,0.985429088,0.481688511,0.313474194,0.136619451,1
0,0,7,5,0.000178615,0,0.080137893,0.362081398,0.466550603,0.478607567,0.477549441,0.481595195,0.466373877,0.479177246,0.480849964,0.404903485,0.481633597,0.338564983,0.611755951,0.832239067,0.999794801,1,1,1,0.953130161,0.384189667,0.306330862,1
0,1,8,5,0.176816227,0.180457368,0.213063949,0,0.545963323,0.574812285,0.574762849,0.574962256,0.574962256,0.574962256,0.574962256,0.574962256,0,0.431221692,0.59367922,0.806469522,0.999012256,1,1,1,1,1,0.983445507,1
0,1,9,5,0.315474946,0.096654004,0.007918825,0,0.062683574,0.3106538,0.481326901,0.483522311,0.635203512,0.659074301,0.532582248,0.478415903,0.483839619,0.488696246,0.723772608,0.976003607,1,1,1,1,1,1,0.990125098,1
0,2,10,5,0.835495863,0.147897749,0.019345454,0,0.093077779,0.319797278,0.723892834,0.893804697,0.99972628,0.999205752,0.997584771,0.867454805,0.782942072,0.843305112,0.993689236,1,1,1,0.998245525,0.72880453,0.343394372,0.147897749,0.02337683,1
0,0,11,5,0.181284396,0.180074637,0.2678701,0.525719016,0.744171744,0.820683593,0.606185954,0.574294513,0.575726473,0.575990519,0.573583416,0.575108781,0.542188261,0.570624946,0.844414773,0.999784445,1,1,1,0.765373014,0.505276527,0,0.283594467,1
0,0,12,5,0.000287359,0,0.09290757,0.387791108,0.471094445,0.474732813,0.47011928,0.479520181,0.480217365,0.482484969,0.482202659,0.480697712,0.431627891,0.45302999,0.729253267,0.988615626,1,1,1,0.998287212,0.696255441,0.312732153,0.130870345,1
0,0,13,5,0.000558574,0,0.060159521,0.338410512,0.467031789,0.480401012,0.480724867,0.479219236,0.481187051,0.478799797,0.470121287,0.460997286,0.481461152,0.38795898,0.492005295,0.827659311,1,1,1,0.999823124,0.743669893,0.321508166,0.130739046,1
0,0,14,5,0.179115356,0.179369158,0.235953604,0.45857341,0.566404205,0.575105895,0.573261252,0.570213815,0.565816456,0.561968443,0.5622357,0.535758952,0,0.431221692,0.593646321,0.782479631,0.997314339,1,1,1,0.985164944,0.573703769,0.4545623,1
0,1,15,5,0.175809986,0.181777238,0.208096779,0,0.573787085,0.547498612,0.504532097,0.574962256,0.574962256,0.574962256,0.574962256,0.574962256,0,0.431221692,0.728107361,0.86248693,1,1,1,1,1,1,0.987900983,1
0,1,16,5,0.439235801,0.247466539,0.179119793,0.177937937,0.220391803,0,0.471620874,0.561995173,0.573941891,0.576206497,0.577286644,0.573798345,0.526198953,0.544350046,0.712676881,0.826914479,0.994554882,1,1,1,0.995210872,0.766914935,0.860055973,1
0,2,17,5,0.306425666,0.12772689,0.005039511,0,0.027585067,0.306425666,0.467911697,0.73135294,0.908960933,0.964404708,0.804214846,0.80451766,0.640515899,0.690428751,0.867034466,1,0.994310728,0.859490586,0.737679879,0.635548087,0.367670589,0.131140947,0.001505775,1
0,0,18,5,0.002204875,0,0.096043343,0.371644557,0.482838922,0.483289067,0.482760977,0.48167857,0.481901055,0.48420295,0.483824676,0.476974294,0.47181452,0.5171286,0.830563625,0.999477154,1,1,1,0.916307306,0.433585531,0.479639431,0.132311913,1
0,0,19,5,0.000149975,0,0.077955959,0.351142547,0.470709987,0.47936331,0.482677334,0.481247398,0.484552378,0.482910994,0.482066757,0.47306385,0.457919017,0.373414179,0.738147783,0.972408377,1,1,1,0.996371766,0.709764898,0.312330453,0.130660214,1
0,0,20,5,0.179827219,0.179440116,0.240111566,0.451788492,0.569886628,0.573630494,0.571646087,0.567721316,0.561219753,0.547518796,0.566440591,0.536258325,0.574962256,0.44321375,0.624620337,0.862443384,1,1,1,1,0.782040746,0.462430308,0,1
0,0,21,5,0,0.000928694,0.068813484,0.338152346,0.465299121,0.483688426,0.480449644,0.453639064,0.470577107,0.481427072,0.480975256,0.387325177,0.482229827,0.351672132,0.570940666,0.817654712,0.999980674,1,1,1,0.948352259,0.433065215,0.377363703,1
0,1,22,5,0,0.010127705,0.047062864,0.311435127,0.44440895,0.446871028,0.481406965,0.481412176,0.485447922,0.4723028,0.473447251,0.440935434,0.417724952,0.38728661,0.643043696,0.731696115,0.833473512,0.833473512,0.9966838,1,1,0.999661082,0.713922904,1
0,1,23,5,0.442780592,0.271303312,0.180304402,0.169975734,0.232131589,0,0.516864345,0.565068457,0.577267636,0.571787665,0.573998721,0.577032735,0.574558338,0.572609382,0.743664086,0.882524386,0.992468575,0.999468559,1,1,1,0.998552402,0.783686533,1
1,2,24,5,0.46389132,0.287481128,0.178920908,0.16586491,0.155615375,0,0.500908634,0.614416716,0.717577167,0.764876289,0.848304055,0.796155262,0.71870282,0.777922626,0.952441784,1,1,1,1,1,1,0.788977948,0.501565212,1
1,0,25,5,0.287481128,0.189346753,0.180732839,0.178080256,0.163378289,0.241714795,0,0.504267847,0.564126304,0.603767399,0.71870282,0.771265466,0.728904273,0.743257051,0.866500418,1,1,1,0.993220282,0.793555163,0.442776589,0.287481128,0.190717392,1
0,0,26,5,0.181193565,0.179532383,0.265890997,0.599902462,0.642294296,0.71870282,0.569549696,0.574531781,0.577105584,0.574133298,0.688474446,0.650804669,0.566472953,0.585478831,0.850810553,1,1,1,0.999993992,0.842939967,0.488743913,0,0.28677279,1
0,0,27,5,0.181356068,0.180380506,0.231584678,0.451551865,0.572822582,0.572805533,0.573377557,0.568591681,0.569249392,0.555438624,0.562339171,0.571967217,0.54767582,0.494311737,0.675697534,0.862443384,1,1,0.999707991,0.790136594,0.474005354,0,0.215124679,1
0,0,28,5,0,0.000219519,0.08336531,0.374130873,0.470820957,0.480028024,0.480437251,0.477226089,0.479648181,0.481359572,0.482805527,0.481719203,0.393480262,0.418330797,0.72755598,0.979124973,1,1,1,1,0.93907925,0.504922538,0.434895062,1
0,1,29,5,0.168929914,0.180705359,0.191745621,0.431221692,0.570256625,0.562052501,0.570880886,0.574962256,0.574962256,0.574962256,0.574962256,0.574962256,0,0.447855817,0.638291268,0.86243297,0.999847154,1,1,1,1,1,0.986421565,1
0,1,30,5,0.436384897,0.248346639,0.180808228,0.173940815,0.22243214,0,0.490990049,0.562516369,0.575017416,0.576401369,0.56794709,0.534969898,0.570875656,0.554841259,0.570451219,0.71870282,0.816420925,0.975170266,0.999999671,1,1,1,1,1
1,2,31,5,1,0.333333333,0.209339981,0.200191871,0.192021765,0.5,0.633756082,0.73831713,0.939657381,1,0.861245657,0.664447517,0.592835583,0.650120187,0.664502045,0.689213671,0.89321591,0.846102336,0.833333333,0.580112235,0.551302957,0,0.218523667,1
0,0,1,6,0.1795551,0.17703938,0.253141445,0.474993149,0.573812374,0.570687399,0.566921361,0.574859242,0.572895676,0.567960575,0.572824562,0.576637756,0.564273451,0.583481402,0.832290691,0.99905578,1,1,1,0.782493818,0.443015387,0,0.174615927,1
0,0,2,6,0.181336335,0.180533959,0.252841797,0.469905593,0.570764822,0.571172007,0.57165898,0.57364998,0.573250248,0.574305258,0.573765931,0.570690959,0.53400164,0.543333741,0.786846896,0.993946803,1,1,1,0.795348032,0.539457462,0,0.27029462,1
0,0,3,6,0.179704718,0.178021049,0.252448041,0.481783406,0.564473044,0.571119175,0.575450352,0.568077121,0.569660274,0.566517953,0.562345675,0.570100353,0.554188109,0.484900688,0.73512361,0.872982249,1,1,1,0.999704693,0.786575024,0.442627784,0,1
0,0,4,6,0,0.001088135,0.064242429,0.350738186,0.477218661,0.481512687,0.463370481,0.479172952,0.479628804,0.475055717,0.480939066,0.479273288,0.482187828,0.326071499,0.476475746,0.77518697,0.997258589,1,1,1,0.978794114,0.371161586,0.377374063,1
0,1,5,6,0.172234704,0.180985575,0.197165847,0,0.533814856,0.552840347,0.560360604,0.562476718,0.548233736,0.574962256,0.574962256,0.574071194,0,0.445233174,0.681899665,0.79973353,0.862443384,0.967583547,1,1,1,1,0.998736028,1
0,1,6,6,0.432613225,0.229465284,0.180944284,0.174884183,0.168488009,0,0.529785625,0.545348973,0.5746982,0.574188725,0.573655562,0.57320137,0.566053844,0.555023627,0.57322888,0.71560871,0.731633643,0.858722852,0.99519358,1,1,1,0.999967863,1
0,2,7,6,1,0.148519447,0.023908309,0.016884354,0,0.150962942,0.356188838,0.496246123,0.688593005,0.714223688,0.749322745,0.520490734,0.501052118,0.502362892,0.679233488,0.720041102,0.857686177,0.857686177,0.779731489,0.681005368,0.370755957,0.150962942,0.011434304,1
0,0,8,6,0.01057927,0.009162135,0.089396212,0.463706993,0.502528509,0.518987834,0.46437546,0.521386489,0.498247578,0.521747414,0.519630516,0.499401204,0.521747414,0.473091418,0.608626438,0.773856193,0.822223666,1,0.797416464,0.789080769,0.335190123,0.148632832,0,1
0,0,9,6,0.181306451,0.180744154,0.246398501,0.520073994,0.56826612,0.57844377,0.569572167,0.572310108,0.569296983,0.572450474,0.57472986,0.576264561,0.50697999,0.560873663,0.78093522,0.864324517,1,1,1,0.974416655,0.716472974,0,0.287481128,1
0,0,10,6,0.001017186,0,0.077427506,0.338578523,0.47766059,0.484422698,0.481865035,0.477220342,0.479232923,0.478223567,0.475601668,0.467507916,0.481987087,0.416543337,0.662643898,0.875117406,0.99986367,1,1,0.993873309,0.567579511,0.376628486,0.132165744,1
0,0,11,6,0.000802283,0,0.06385747,0.320294562,0.475745519,0.481226494,0.477396606,0.470121661,0.471484569,0.47961239,0.479462045,0.41054863,0.481792869,0.351543813,0.731952454,0.851231787,1,1,1,1,0.995957553,0.669652725,0.31652416,1
0,1,12,6,0.179519144,0.181435322,0.198421046,0,0.574962256,0.574220474,0.574962256,0.574962256,0.574962256,0.574962256,0.574962256,0.574962256,0,0.432357976,0.638839675,0.849693135,0.976045637,1,1,1,1,1,0.991395907,1
0,1,13,6,0.431221692,0.245731105,0.181177645,0.176829159,0.184360001,0,0,0.563362982,0.55468874,0.574958377,0.575015896,0.571659604,0.557562228,0.533938299,0.570354638,0.734188787,0.732457142,0.770300758,0.862443384,0.997979445,1,1,0.998254786,1
0,2,14,6,0.817013206,0.157709588,0.030005276,0.025166375,0,0.157709588,0.420813967,0.616595801,0.764059931,0.814128737,0.79275696,0.732035389,0.663663237,0.766789064,0.748866025,0.964426725,0.942540708,0.988553468,1,0.904621842,0.328518052,0.157709588,0.017444896,1
0,0,15,6,0.179084068,0.173849387,0.26774557,0.52736745,0.754441523,0.768957087,0.676309799,0.568185917,0.571420288,0.566548223,0.763858925,0.645049103,0.57220358,0.644302243,0.873536887,1,1,1,1,0.817374175,0.498977481,0,0.214995273,1
0,0,16,6,0.000968414,0,0.080383566,0.361481082,0.470731734,0.477348384,0.480294652,0.475940135,0.478011152,0.477796499,0.476258502,0.470722283,0.478097409,0.648159838,0.773394245,0.832192974,0.999321991,1,1,0.946406177,0.742986939,0.306140274,0.130789374,1
0,0,17,6,0.00064545,0,0.062760158,0.34652697,0.487652493,0.477138511,0.478047008,0.475150754,0.472620637,0.475935971,0.473546327,0.465495935,0.459731279,0.376619995,0.706760931,0.89646127,1,1,1,0.995184259,0.570101484,0.37827263,0.13182442,1
0,0,18,6,0.001144477,0,0.047035806,0.306095055,0.475922396,0.480989759,0.479823168,0.478453428,0.432597056,0.449168596,0.478351668,0.460440807,0.476270557,0.385277231,0.719627418,0.869683011,0.999637612,0.999928679,1,1,0.969873761,0.490942767,0.314778054,1
0,1,19,6,0.178611839,0.18127576,0.194536777,0,0.574962256,0.574962256,0.574962256,0.574962256,0.574962256,0.574962256,0.569009116,0.574935327,0,0.443329538,0.608495281,0.774350062,0.862443384,0.973716371,0.999862181,1,1,1,0.888741279,1
0,1,20,6,0.437839477,0.273379163,0.182329786,0.174789097,0.179287784,0,0.485790642,0.548975823,0.574402656,0.572335328,0.57525333,0.574488015,0.562816333,0.566993764,0.597480919,0.805742965,0.795171627,0.833090277,0.944037216,0.999614577,1,1,0.995035014,1
0,2,21,6,0.4642655,0.177229157,0.021360741,0.013445292,0,0.185595673,0.497415355,0.604517266,0.640520693,0.824961634,0.659749749,0.621786396,0.617300874,0.774613148,0.971126621,0.921220992,1,0.980195313,0.894891811,0.605697537,0.481774104,0.185595673,0.013026998,1
0,0,22,6,0.180885985,0.179283461,0.259133342,0.512244974,0.56079203,0.563159755,0.5703237,0.574385098,0.57632232,0.577254191,0.577059559,0.576311965,0.575894974,0.587109115,0.807645406,0.995347426,0.99987762,0.99992605,1,0.788112878,0.504452062,0,0.279211264,1
0,0,23,6,0.002360901,0,0.090997281,0.374088426,0.47577785,0.747230142,0.710566798,0.464727745,0.482368964,0.481724695,0.470028373,0.466608144,0.480624743,0.519494125,0.835407379,1,1,1,1,0.996338885,0.663440519,0.356147918,0.132316004,1
0,0,24,6,0.000493606,0,0.071564614,0.340247544,0.483261545,0.475912704,0.471341859,0.472529906,0.464838199,0.464184392,0.475934426,0.440501741,0.481184895,0.444881828,0.723242646,0.851572313,0.998580173,0.999874809,1,0.999863083,0.730494171,0.339296229,0.130275938,1
0,0,25,6,1.30E-05,0,0.043077253,0.306579423,0.45863236,0.480795034,0.398226244,0.464320738,0.474852362,0.480813356,0.481819343,0.481819343,0.481819343,0.365413487,0.554309092,0.825832716,0.862220263,0.998887595,1,1,0.987921111,0.403654901,0.481402369,1
0,1,26,6,0.172587714,0.179270761,0.183877186,0,0.482450401,0.539156942,0.574962256,0.574962256,0.574962256,0.574962256,0.574962256,0.574962256,0,0.435480421,0.57445739,0.776457545,0.862443384,0.865403315,0.996844874,1,1,1,0.966507267,1
0,1,27,6,0.447968562,0.279166537,0.184831617,0.179278094,0.165575055,0,0,0.511585999,0.570129459,0.576848478,0.57396125,0.577623471,0.569849791,0.575278613,0.787067189,0.991796402,1,1,1,1,1,1,0.796094634,1
1,2,28,6,0.861372301,0.146066069,0.025814233,0.009648375,0,0.318335113,0.6628732,0.835142244,0.993637375,0.996105618,0.977079357,0.874489674,0.834435128,0.858425268,0.999532732,1,1,1,1,0.996129826,0.654047112,0.398854139,0.146066069,1
0,0,29,6,0.180367834,0.17775231,0.248167187,0.448402487,0.565703497,0.569522498,0.57572815,0.571982167,0.575256094,0.576128506,0.572350451,0.57144062,0.56600644,0.576000215,0.785666834,0.974751453,0.997074838,0.994680211,1,0.842989027,0.452205248,0,0.227301882,1
0,0,30,6,0.181371872,0.180821589,0.239536051,0.477346523,0.564030142,0.574910762,0.553604265,0.555726449,0.555637934,0.570362442,0.570876384,0.550782687,0.530870464,0.508720768,0.717679418,0.878599088,0.999632001,0.999855613,1,0.96759998,0.797944589,0,0.287481128,1
0,0,1,7,0.178425101,0.179761051,0.245930078,0.491174942,0.562162274,0.574718726,0.544957956,0.559131802,0.57161425,0.570459399,0.557153936,0.570261302,0.528430728,0.538246542,0.786316643,0.971503977,0.999820306,0.999820306,0.999820306,1,0.783087103,0.452667503,0,1
0,0,2,7,0,0.004733039,0.065252513,0.311243482,0.475145292,0.486432942,0.467723918,0.485304709,0.457155676,0.483566954,0.484738785,0.484188464,0.459004353,0.467603778,0.72155996,0.833427164,0.956924398,0.994518549,0.999999713,1,0.999513087,0.69114497,0.456781963,1
1,1,3,7,0,0.253344366,0.175678277,0.16042446,0,0.511159858,0.545174956,0.572018224,0.575474331,0.573994686,0.573526381,0.571888577,0.573015022,0.575043677,0.729065117,0.833314149,0.824756117,0.809922345,0.862443384,0.99996847,1,0.999879381,0.788484353,1
0,1,4,7,0.465067861,0.271064468,0.181670362,0.179459222,0.173135531,0.193987286,0,0,0.529078408,0.555840204,0.519342628,0.554025676,0.564835273,0.572644465,0.695881385,0.862443384,0.996939286,0.889407053,0.937936902,1,1,0.998097576,0.770504659,1
0,2,5,7,0.465426749,0.286144114,0.178909887,0.17392871,0.161983837,0.287481128,0.488462842,0.559577873,0.577679103,0.586268916,0.680656397,0.71870282,0.71870282,0.826120661,0.917683808,1,0.965553296,0.977136404,0.999660967,0.790847997,0.478977445,0,0.210362641,1
0,0,6,7,0.180312229,0.178672535,0.259419903,0.521815667,0.727932474,0.754510461,0.558218229,0.575213635,0.572850123,0.565512313,0.568885941,0.573311327,0.571509835,0.725666995,0.863329179,1,1,1,1,0.783910409,0.467944139,0,0.223820761,1
0,0,7,7,0.002421204,0,0.092860261,0.423714239,0.529196229,0.678511629,0.450617704,0.483168685,0.481539294,0.482515018,0.478935451,0.48103831,0.481774008,0.500634591,0.720396394,0.999857949,1,1,1,0.998648329,0.638682653,0.307355599,0.132311834,1
0,0,8,7,0.00090416,0,0.056637192,0.317937013,0.472833618,0.486175487,0.474792703,0.479705285,0.481113078,0.479745706,0.479823612,0.480483072,0.456561135,0.463926992,0.717491466,0.927147519,1,1,1,0.998151712,0.573407864,0.334001073,0.132765831,1
0,0,9,7,0.181075742,0.180801625,0.20575123,0,0.500800358,0.572981292,0.494564793,0.574962766,0.574962766,0.574962766,0.574962766,0.574962766,0,0.431222074,0.643059873,0.793914294,0.939665634,0.999943279,1,0.999089859,0.782189859,0.489089091,0,1
0,1,10,7,0.178079798,0.180526485,0.179499076,0,0.512956496,0.564786894,0.574962256,0,0.574962256,0.574962256,0.574962256,0.574962256,0.574962256,0.464951841,0.567338222,0.827824937,0.862443384,0.862443384,0.998477265,1,1,1,0.990344776,1
0,1,11,7,0.433654718,0.251084123,0.18178307,0.175531688,0.16710577,0,0.537541507,0.554615041,0.564501841,0.574810543,0.564640545,0.572731904,0.571278893,0.571086245,0.732672481,0.85868164,0.785137322,0.856489349,0.862443384,0.999569429,1,1,0.98807548,1
0,2,12,7,0.857138972,0.15531679,0.032059397,0.017923546,0,0.330772336,0.394237327,0.520795244,0.681683426,0.757209892,0.700902211,0.723776401,0.760193134,0.806937699,0.857138972,1,0.860583553,0.937402309,0.989896017,0.710576637,0.36358345,0.155212668,0.026308355,1
0,0,13,7,0.178900156,0.173618124,0.261752016,0.511128693,0.709924493,0.71870282,0.566759362,0.574522699,0.577435906,0.575555736,0.574235044,0.576730177,0.556786843,0.57087892,0.794211489,0.995466405,1,1,1,0.785167474,0.488079183,0,0.250279864,1
0,0,14,7,0.001361149,0,0.062566678,0.38581417,0.45419612,0.480716912,0.481918569,0.464014259,0.460102036,0.463832534,0.471817706,0.468272533,0.481727624,0.419376601,0.708433278,0.890423357,0.999940245,0.999976543,1,0.942114414,0.437160233,0.311920788,0.131185751,1
0,0,15,7,0.000693312,0,0.069766945,0.338474684,0.483689609,0.480126466,0.476318328,0.480715244,0.47939794,0.478033069,0.472610559,0.457875753,0.45653337,0.46058784,0.742519461,0.97557782,1,1,1,0.99997134,0.729117429,0.341971472,0.130891145,1
0,0,16,7,0,0.000968955,0.055575459,0.306416717,0.409364394,0.4772366,0.468684339,0.477559713,0.48167715,0.480868913,0.46761676,0.462422471,0.481697755,0.306416717,0.547842909,0.788338727,0.987134236,0.998856023,1,1,0.999436456,0.711557863,0.318829168,1
0,1,17,7,0.186654513,0.18062017,0.199773115,0,0,0.574962256,0.574962256,0.560444823,0.541106895,0.567436318,0.574962256,0.574962256,0,0.442330914,0.573941856,0.767724407,0.967623713,1,1,1,1,1,1,1
